player_id,team_name
676265,Washington Nationals
656180,Washington Nationals
672851,Washington Nationals
644364,Washington Nationals
668663,Washington Nationals
518553,Washington Nationals
621348,Washington Nationals
461325,Washington Nationals
571578,Washington Nationals
443558,Washington Nationals
448281,Washington Nationals
605218,Washington Nationals
444876,Washington Nationals
502179,Washington Nationals
607200,Washington Nationals
640448,Washington Nationals
665650,Washington Nationals
596748,Washington Nationals
671277,Washington Nationals
657585,Washington Nationals
680686,Washington Nationals
640451,Washington Nationals
514917,Washington Nationals
628450,Washington Nationals
681885,Washington Nationals
600921,Washington Nationals
608841,Washington Nationals
641907,Washington Nationals
641943,Washington Nationals
660906,Washington Nationals
663432,Washington Nationals
541640,Washington Nationals
645302,Washington Nationals
642028,Washington Nationals
660688,Washington Nationals
434671,Washington Nationals
543829,Washington Nationals
544931,Washington Nationals
676194,Washington Nationals
657041,Washington Nationals
666168,Washington Nationals
545121,Washington Nationals
607179,Washington Nationals
682928,San Diego Padres
613534,San Diego Padres
595751,San Diego Padres
658648,San Diego Padres
640492,San Diego Padres
673258,San Diego Padres
676946,San Diego Padres
607461,San Diego Padres
605137,San Diego Padres
669134,San Diego Padres
605182,San Diego Padres
622503,San Diego Padres
630105,San Diego Padres
506433,San Diego Padres
592273,San Diego Padres
472610,San Diego Padres
669022,San Diego Padres
663757,San Diego Padres
623352,San Diego Padres
657612,San Diego Padres
543333,San Diego Padres
572955,San Diego Padres
678061,San Diego Padres
673490,San Diego Padres
663753,San Diego Padres
659275,San Diego Padres
592518,San Diego Padres
640455,San Diego Padres
607259,San Diego Padres
608577,San Diego Padres
670970,San Diego Padres
605397,San Diego Padres
571976,San Diego Padres
543592,San Diego Padres
595777,San Diego Padres
667670,San Diego Padres
665923,San Diego Padres
605463,San Diego Padres
605483,San Diego Padres
665742,San Diego Padres
489334,San Diego Padres
663158,San Diego Padres
667725,San Diego Padres
572228,San Diego Padres
677960,San Diego Padres
621051,San Diego Padres
656061,New York Yankees
609280,New York Yankees
643217,New York Yankees
542963,New York Yankees
572761,New York Yankees
612434,New York Yankees
547973,New York Yankees
543037,New York Yankees
641482,New York Yankees
518626,New York Yankees
664123,New York Yankees
664314,New York Yankees
593334,New York Yankees
661563,New York Yankees
503556,New York Yankees
643338,New York Yankees
572888,New York Yankees
543305,New York Yankees
543309,New York Yankees
605280,New York Yankees
592450,New York Yankees
643396,New York Yankees
650633,New York Yankees
518934,New York Yankees
642528,New York Yankees
641796,New York Yankees
476595,New York Yankees
676760,New York Yankees
656756,New York Yankees
593974,New York Yankees
519203,New York Yankees
657376,New York Yankees
676664,New York Yankees
622663,New York Yankees
519317,New York Yankees
592791,New York Yankees
650402,New York Yankees
624431,New York Yankees
642152,New York Yankees
543901,New York Yankees
650556,Houston Astros
514888,Houston Astros
670541,Houston Astros
520980,Houston Astros
656232,Houston Astros
669854,Houston Astros
488726,Houston Astros
608324,Houston Astros
488771,Houston Astros
649557,Houston Astros
643289,Houston Astros
677651,Houston Astros
592348,Houston Astros
493329,Houston Astros
664299,Houston Astros
622100,Houston Astros
686676,Houston Astros
455117,Houston Astros
641820,Houston Astros
661527,Houston Astros
656695,Houston Astros
664208,Houston Astros
676801,Houston Astros
676694,Houston Astros
606160,Houston Astros
656786,Houston Astros
593576,Houston Astros
660600,Houston Astros
665161,Houston Astros
669309,Houston Astros
519151,Houston Astros
519293,Houston Astros
592773,Houston Astros
642130,Houston Astros
663656,Houston Astros
664353,Houston Astros
664285,Houston Astros
543877,Houston Astros
434378,Houston Astros
547989,Chicago White Sox
641313,Chicago White Sox
621383,Chicago White Sox
607481,Chicago White Sox
669394,Chicago White Sox
621114,Chicago White Sox
656302,Chicago White Sox
605195,Chicago White Sox
456501,Chicago White Sox
518617,Chicago White Sox
641553,Chicago White Sox
641582,Chicago White Sox
544725,Chicago White Sox
608337,Chicago White Sox
518735,Chicago White Sox
608665,Chicago White Sox
543281,Chicago White Sox
656514,Chicago White Sox
521230,Chicago White Sox
650391,Chicago White Sox
523260,Chicago White Sox
656629,Chicago White Sox
669424,Chicago White Sox
625643,Chicago White Sox
458681,Chicago White Sox
663436,Chicago White Sox
664901,Chicago White Sox
660162,Chicago White Sox
572041,Chicago White Sox
673357,Chicago White Sox
614179,Chicago White Sox
644429,Chicago White Sox
657757,Chicago White Sox
672820,Chicago White Sox
656986,Chicago White Sox
683734,Chicago White Sox
592826,Chicago White Sox
664874,Chicago White Sox
642758,Oakland Athletics
664119,Oakland Athletics
669397,Oakland Athletics
462101,Oakland Athletics
642456,Oakland Athletics
621112,Oakland Athletics
621450,Oakland Athletics
681146,Oakland Athletics
664913,Oakland Athletics
624418,Oakland Athletics
571602,Oakland Athletics
660650,Oakland Athletics
518748,Oakland Athletics
608344,Oakland Athletics
623515,Oakland Athletics
667427,Oakland Athletics
641726,Oakland Athletics
666204,Oakland Athletics
621076,Oakland Athletics
643393,Oakland Athletics
657649,Oakland Athletics
592473,Oakland Athletics
657656,Oakland Athletics
621082,Oakland Athletics
656657,Oakland Athletics
547173,Oakland Athletics
476704,Oakland Athletics
605353,Oakland Athletics
571917,Oakland Athletics
661309,Oakland Athletics
676782,Oakland Athletics
641853,Oakland Athletics
641856,Oakland Athletics
594580,Oakland Athletics
593423,Oakland Athletics
669221,Oakland Athletics
641914,Oakland Athletics
670124,Oakland Athletics
665506,Oakland Athletics
640461,Oakland Athletics
572039,Oakland Athletics
643493,Oakland Athletics
640462,Oakland Athletics
572125,Oakland Athletics
675656,Oakland Athletics
669912,Oakland Athletics
593619,Oakland Athletics
519390,Oakland Athletics
660670,Atlanta Braves
501303,Atlanta Braves
645277,Atlanta Braves
666120,Atlanta Braves
606115,Atlanta Braves
611093,Atlanta Braves
429664,Atlanta Braves
661388,Atlanta Braves
672911,Atlanta Braves
641513,Atlanta Braves
543105,Atlanta Braves
594807,Atlanta Braves
693821,Atlanta Braves
645801,Atlanta Braves
608331,Atlanta Braves
543257,Atlanta Braves
671739,Atlanta Braves
628338,Atlanta Braves
445276,Atlanta Braves
669276,Atlanta Braves
554431,Atlanta Braves
543521,Atlanta Braves
621345,Atlanta Braves
450203,Atlanta Braves
666205,Atlanta Braves
503285,Atlanta Braves
543606,Atlanta Braves
621566,Atlanta Braves
542303,Atlanta Braves
444489,Atlanta Braves
663586,Atlanta Braves
592696,Atlanta Braves
623451,Atlanta Braves
675911,Atlanta Braves
621020,Atlanta Braves
682016,Atlanta Braves
657140,Atlanta Braves
660623,Atlanta Braves
518595,Atlanta Braves
592094,Tampa Bay Rays
666018,Tampa Bay Rays
542888,Tampa Bay Rays
668227,Tampa Bay Rays
572703,Tampa Bay Rays
669358,Tampa Bay Rays
656222,Tampa Bay Rays
542194,Tampa Bay Rays
660644,Tampa Bay Rays
644374,Tampa Bay Rays
608638,Tampa Bay Rays
596847,Tampa Bay Rays
650490,Tampa Bay Rays
664126,Tampa Bay Rays
676534,Tampa Bay Rays
656420,Tampa Bay Rays
676596,Tampa Bay Rays
677551,Tampa Bay Rays
621248,Tampa Bay Rays
642770,Tampa Bay Rays
595281,Tampa Bay Rays
552640,Tampa Bay Rays
446372,Tampa Bay Rays
643400,Tampa Bay Rays
664040,Tampa Bay Rays
666139,Tampa Bay Rays
622534,Tampa Bay Rays
607391,Tampa Bay Rays
663556,Tampa Bay Rays
642336,Tampa Bay Rays
642657,Tampa Bay Rays
670623,Tampa Bay Rays
672715,Tampa Bay Rays
444482,Tampa Bay Rays
650907,Tampa Bay Rays
621363,Tampa Bay Rays
596451,Tampa Bay Rays
548384,Tampa Bay Rays
670042,Tampa Bay Rays
623912,Tampa Bay Rays
656876,Tampa Bay Rays
676720,Tampa Bay Rays
676637,Tampa Bay Rays
642350,Tampa Bay Rays
605488,Tampa Bay Rays
657044,Tampa Bay Rays
670764,Tampa Bay Rays
605538,Tampa Bay Rays
642232,Tampa Bay Rays
572287,Tampa Bay Rays
642715,Milwaukee Brewers
669920,Milwaukee Brewers
676879,Milwaukee Brewers
673316,Milwaukee Brewers
502202,Milwaukee Brewers
670712,Milwaukee Brewers
669203,Milwaukee Brewers
456713,Milwaukee Brewers
456715,Milwaukee Brewers
605170,Milwaukee Brewers
664776,Milwaukee Brewers
641505,Milwaukee Brewers
592346,Milwaukee Brewers
641627,Milwaukee Brewers
594311,Milwaukee Brewers
669374,Milwaukee Brewers
605288,Milwaukee Brewers
656577,Milwaukee Brewers
665001,Milwaukee Brewers
641778,Milwaukee Brewers
664029,Milwaukee Brewers
457705,Milwaukee Brewers
459429,Milwaukee Brewers
650496,Milwaukee Brewers
571948,Milwaukee Brewers
553882,Milwaukee Brewers
642547,Milwaukee Brewers
606131,Milwaukee Brewers
607054,Milwaukee Brewers
592669,Milwaukee Brewers
622569,Milwaukee Brewers
573124,Milwaukee Brewers
592712,Milwaukee Brewers
667376,Milwaukee Brewers
600474,Milwaukee Brewers
663629,Milwaukee Brewers
657265,Milwaukee Brewers
608718,Milwaukee Brewers
621438,Milwaukee Brewers
642133,Milwaukee Brewers
649966,Milwaukee Brewers
642207,Milwaukee Brewers
543939,Milwaukee Brewers
605540,Milwaukee Brewers
592885,Milwaukee Brewers
666176,Los Angeles Angels
607457,Los Angeles Angels
642545,Los Angeles Angels
605151,Los Angeles Angels
445926,Los Angeles Angels
656353,Los Angeles Angels
672282,Los Angeles Angels
646242,Los Angeles Angels
622110,Los Angeles Angels
664058,Los Angeles Angels
594838,Los Angeles Angels
656509,Los Angeles Angels
623474,Los Angeles Angels
628452,Los Angeles Angels
676083,Los Angeles Angels
501571,Los Angeles Angels
547179,Los Angeles Angels
571901,Los Angeles Angels
676950,Los Angeles Angels
669016,Los Angeles Angels
665896,Los Angeles Angels
594577,Los Angeles Angels
608686,Los Angeles Angels
666160,Los Angeles Angels
572383,Los Angeles Angels
660271,Los Angeles Angels
661383,Los Angeles Angels
665625,Los Angeles Angels
650671,Los Angeles Angels
543685,Los Angeles Angels
650859,Los Angeles Angels
670351,Los Angeles Angels
670046,Los Angeles Angels
663776,Los Angeles Angels
642423,Los Angeles Angels
681217,Los Angeles Angels
545358,Los Angeles Angels
683021,Los Angeles Angels
660761,Los Angeles Angels
435559,Los Angeles Angels
592789,Los Angeles Angels
572193,Los Angeles Angels
642136,Los Angeles Angels
605504,Los Angeles Angels
657053,Los Angeles Angels
545361,Los Angeles Angels
491624,Los Angeles Angels
623205,Los Angeles Angels
542340,Los Angeles Angels
642180,Los Angeles Angels
595453,Los Angeles Angels
665120,Los Angeles Angels
681806,Los Angeles Angels
621493,Los Angeles Angels
681810,Los Angeles Angels
664334,Los Angeles Angels
542583,Miami Marlins
645261,Miami Marlins
605119,Miami Marlins
553902,Miami Marlins
542914,Miami Marlins
669622,Miami Marlins
542932,Miami Marlins
668709,Miami Marlins
542947,Miami Marlins
623211,Miami Marlins
656257,Miami Marlins
665795,Miami Marlins
641447,Miami Marlins
665862,Miami Marlins
643265,Miami Marlins
650559,Miami Marlins
650331,Miami Marlins
656388,Miami Marlins
666464,Miami Marlins
670288,Miami Marlins
571670,Miami Marlins
663743,Miami Marlins
541645,Miami Marlins
666129,Miami Marlins
570481,Miami Marlins
571740,Miami Marlins
545343,Miami Marlins
668721,Miami Marlins
622694,Miami Marlins
656548,Miami Marlins
641779,Miami Marlins
641154,Miami Marlins
666200,Miami Marlins
676974,Miami Marlins
667297,Miami Marlins
663734,Miami Marlins
595345,Miami Marlins
647315,Miami Marlins
547001,Miami Marlins
669432,Miami Marlins
500743,Miami Marlins
660821,Miami Marlins
656945,Miami Marlins
624585,Miami Marlins
607732,Miami Marlins
642121,Miami Marlins
621563,Miami Marlins
663897,Miami Marlins
642231,Miami Marlins
656008,Miami Marlins
605113,Arizona Diamondbacks
642727,Arizona Diamondbacks
666179,Arizona Diamondbacks
518516,Arizona Diamondbacks
528748,Arizona Diamondbacks
605200,Arizona Diamondbacks
606965,Arizona Diamondbacks
666818,Arizona Diamondbacks
643316,Arizona Diamondbacks
668678,Arizona Diamondbacks
656457,Arizona Diamondbacks
656464,Arizona Diamondbacks
606988,Arizona Diamondbacks
606993,Arizona Diamondbacks
674072,Arizona Diamondbacks
660634,Arizona Diamondbacks
645444,Arizona Diamondbacks
663947,Arizona Diamondbacks
669450,Arizona Diamondbacks
608348,Arizona Diamondbacks
518876,Arizona Diamondbacks
671083,Arizona Diamondbacks
453178,Arizona Diamondbacks
572971,Arizona Diamondbacks
656669,Arizona Diamondbacks
573009,Arizona Diamondbacks
606466,Arizona Diamondbacks
656686,Arizona Diamondbacks
664983,Arizona Diamondbacks
453343,Arizona Diamondbacks
641871,Arizona Diamondbacks
669459,Arizona Diamondbacks
672695,Arizona Diamondbacks
424144,Arizona Diamondbacks
664092,Arizona Diamondbacks
598287,Arizona Diamondbacks
656896,Arizona Diamondbacks
668942,Arizona Diamondbacks
592761,Arizona Diamondbacks
656976,Arizona Diamondbacks
677950,Arizona Diamondbacks
670955,Arizona Diamondbacks
662139,Arizona Diamondbacks
572233,Arizona Diamondbacks
605525,Arizona Diamondbacks
642203,Arizona Diamondbacks
669211,Baltimore Orioles
663531,Baltimore Orioles
660620,Baltimore Orioles
641329,Baltimore Orioles
676625,Baltimore Orioles
657508,Baltimore Orioles
642585,Baltimore Orioles
621532,Baltimore Orioles
680694,Baltimore Orioles
455139,Baltimore Orioles
666783,Baltimore Orioles
650959,Baltimore Orioles
595939,Baltimore Orioles
670329,Baltimore Orioles
670810,Baltimore Orioles
642721,Baltimore Orioles
669720,Baltimore Orioles
607216,Baltimore Orioles
665152,Baltimore Orioles
664042,Baltimore Orioles
675912,Baltimore Orioles
543475,Baltimore Orioles
621006,Baltimore Orioles
622761,Baltimore Orioles
663630,Baltimore Orioles
607644,Baltimore Orioles
663624,Baltimore Orioles
656775,Baltimore Orioles
663527,Baltimore Orioles
596059,Baltimore Orioles
572008,Baltimore Orioles
672335,Baltimore Orioles
621433,Baltimore Orioles
660593,Baltimore Orioles
668939,Baltimore Orioles
623993,Baltimore Orioles
642060,Baltimore Orioles
621466,Baltimore Orioles
669065,Baltimore Orioles
676641,Baltimore Orioles
622253,Baltimore Orioles
602104,Baltimore Orioles
679631,Baltimore Orioles
663989,Baltimore Orioles
608723,Baltimore Orioles
657093,Baltimore Orioles
649144,Baltimore Orioles
669330,Baltimore Orioles
669145,Baltimore Orioles
593643,Los Angeles Dodgers
622075,Los Angeles Dodgers
657193,Los Angeles Dodgers
542881,Los Angeles Dodgers
605131,Los Angeles Dodgers
641355,Los Angeles Dodgers
605141,Los Angeles Dodgers
641360,Los Angeles Dodgers
677865,Los Angeles Dodgers
621111,Los Angeles Dodgers
664076,Los Angeles Dodgers
572362,Los Angeles Dodgers
657571,Los Angeles Dodgers
518692,Los Angeles Dodgers
608336,Los Angeles Dodgers
664062,Los Angeles Dodgers
660813,Los Angeles Dodgers
675627,Los Angeles Dodgers
571760,Los Angeles Dodgers
543339,Los Angeles Dodgers
592454,Los Angeles Dodgers
477132,Los Angeles Dodgers
518886,Los Angeles Dodgers
571875,Los Angeles Dodgers
666158,Los Angeles Dodgers
455119,Los Angeles Dodgers
606625,Los Angeles Dodgers
571970,Los Angeles Dodgers
681546,Los Angeles Dodgers
686752,Los Angeles Dodgers
623465,Los Angeles Dodgers
607680,Los Angeles Dodgers
456034,Los Angeles Dodgers
596082,Los Angeles Dodgers
621458,Los Angeles Dodgers
669257,Los Angeles Dodgers
621035,Los Angeles Dodgers
572204,Los Angeles Dodgers
595014,Los Angeles Dodgers
457759,Los Angeles Dodgers
607208,Los Angeles Dodgers
628711,Los Angeles Dodgers
678246,Los Angeles Dodgers
681911,Los Angeles Dodgers
669952,Los Angeles Dodgers
660896,Minnesota Twins
502042,Minnesota Twins
650333,Minnesota Twins
542921,Minnesota Twins
605164,Minnesota Twins
621439,Minnesota Twins
666974,Minnesota Twins
595909,Minnesota Twins
665482,Minnesota Twins
676628,Minnesota Twins
621043,Minnesota Twins
605194,Minnesota Twins
543056,Minnesota Twins
608648,Minnesota Twins
661395,Minnesota Twins
605242,Minnesota Twins
664247,Minnesota Twins
608422,Minnesota Twins
624503,Minnesota Twins
543243,Minnesota Twins
643348,Minnesota Twins
641656,Minnesota Twins
643377,Minnesota Twins
680777,Minnesota Twins
596146,Minnesota Twins
666135,Minnesota Twins
663616,Minnesota Twins
506702,Minnesota Twins
668904,Minnesota Twins
605347,Minnesota Twins
656730,Minnesota Twins
573668,Minnesota Twins
669304,Minnesota Twins
663558,Minnesota Twins
641927,Minnesota Twins
663978,Minnesota Twins
641941,Minnesota Twins
650339,Minnesota Twins
593871,Minnesota Twins
605446,Minnesota Twins
664584,Minnesota Twins
657746,Minnesota Twins
592717,Minnesota Twins
596142,Minnesota Twins
663485,Minnesota Twins
593934,Minnesota Twins
656970,Minnesota Twins
501925,Minnesota Twins
664054,Minnesota Twins
573204,Minnesota Twins
592804,Minnesota Twins
570482,Minnesota Twins
680739,Minnesota Twins
641302,Detroit Tigers
668731,Detroit Tigers
595879,Detroit Tigers
606930,Detroit Tigers
571466,Detroit Tigers
689225,Detroit Tigers
408234,Detroit Tigers
663662,Detroit Tigers
600869,Detroit Tigers
656290,Detroit Tigers
605612,Detroit Tigers
650489,Detroit Tigers
605177,Detroit Tigers
542585,Detroit Tigers
665019,Detroit Tigers
669804,Detroit Tigers
656412,Detroit Tigers
671345,Detroit Tigers
650530,Detroit Tigers
665621,Detroit Tigers
572863,Detroit Tigers
682985,Detroit Tigers
606992,Detroit Tigers
656537,Detroit Tigers
682051,Detroit Tigers
571800,Detroit Tigers
641729,Detroit Tigers
656638,Detroit Tigers
571882,Detroit Tigers
666159,Detroit Tigers
640457,Detroit Tigers
663554,Detroit Tigers
503449,Detroit Tigers
501381,Detroit Tigers
622682,Detroit Tigers
593958,Detroit Tigers
660730,Detroit Tigers
570731,Detroit Tigers
670097,Detroit Tigers
669373,Detroit Tigers
642397,Detroit Tigers
679529,Detroit Tigers
676684,Detroit Tigers
666214,Detroit Tigers
669935,Texas Rangers
663465,Texas Rangers
669618,Texas Rangers
656271,Texas Rangers
594777,Texas Rangers
641432,Texas Rangers
518586,Texas Rangers
621453,Texas Rangers
641540,Texas Rangers
677649,Texas Rangers
666969,Texas Rangers
641598,Texas Rangers
592351,Texas Rangers
621368,Texas Rangers
641680,Texas Rangers
609274,Texas Rangers
642546,Texas Rangers
518813,Texas Rangers
675921,Texas Rangers
669087,Texas Rangers
628451,Texas Rangers
667463,Texas Rangers
600917,Texas Rangers
663993,Texas Rangers
656685,Texas Rangers
543543,Texas Rangers
668338,Texas Rangers
519043,Texas Rangers
657248,Texas Rangers
607359,Texas Rangers
527048,Texas Rangers
676646,Texas Rangers
572070,Texas Rangers
642701,Texas Rangers
622250,Texas Rangers
608369,Texas Rangers
543760,Texas Rangers
669701,Texas Rangers
676766,Texas Rangers
669256,Texas Rangers
665750,Texas Rangers
622786,Texas Rangers
650619,Texas Rangers
667727,Texas Rangers
642201,Texas Rangers
546990,Pittsburgh Pirates
682027,Pittsburgh Pirates
656185,Pittsburgh Pirates
544365,Pittsburgh Pirates
670280,Pittsburgh Pirates
595881,Pittsburgh Pirates
592169,Pittsburgh Pirates
664141,Pittsburgh Pirates
660636,Pittsburgh Pirates
666801,Pittsburgh Pirates
656308,Pittsburgh Pirates
672710,Pittsburgh Pirates
640444,Pittsburgh Pirates
665833,Pittsburgh Pirates
608328,Pittsburgh Pirates
660787,Pittsburgh Pirates
641511,Pittsburgh Pirates
595191,Pittsburgh Pirates
667465,Pittsburgh Pirates
592325,Pittsburgh Pirates
663647,Pittsburgh Pirates
623168,Pittsburgh Pirates
592390,Pittsburgh Pirates
670059,Pittsburgh Pirates
607572,Pittsburgh Pirates
656605,Pittsburgh Pirates
668820,Pittsburgh Pirates
676632,Pittsburgh Pirates
672779,Pittsburgh Pirates
545350,Pittsburgh Pirates
668751,Pittsburgh Pirates
621028,Pittsburgh Pirates
660829,Pittsburgh Pirates
678894,Pittsburgh Pirates
605421,Pittsburgh Pirates
547379,Pittsburgh Pirates
596071,Pittsburgh Pirates
670990,Pittsburgh Pirates
668804,Pittsburgh Pirates
675986,Pittsburgh Pirates
657770,Pittsburgh Pirates
669261,Pittsburgh Pirates
680552,Pittsburgh Pirates
605507,Pittsburgh Pirates
660294,Pittsburgh Pirates
657061,Pittsburgh Pirates
621249,Pittsburgh Pirates
642165,Pittsburgh Pirates
664944,Pittsburgh Pirates
669060,Pittsburgh Pirates
664337,Pittsburgh Pirates
546991,Cincinnati Reds
606157,Cincinnati Reds
668933,Cincinnati Reds
676480,Cincinnati Reds
570666,Cincinnati Reds
669008,Cincinnati Reds
446321,Cincinnati Reds
664747,Cincinnati Reds
670426,Cincinnati Reds
650960,Cincinnati Reds
667498,Cincinnati Reds
656413,Cincinnati Reds
571656,Cincinnati Reds
571657,Cincinnati Reds
641584,Cincinnati Reds
670770,Cincinnati Reds
605244,Cincinnati Reds
664139,Cincinnati Reds
668881,Cincinnati Reds
661269,Cincinnati Reds
641682,Cincinnati Reds
656546,Cincinnati Reds
663697,Cincinnati Reds
656627,Cincinnati Reds
669270,Cincinnati Reds
666157,Cincinnati Reds
664670,Cincinnati Reds
641816,Cincinnati Reds
501985,Cincinnati Reds
592567,Cincinnati Reds
664294,Cincinnati Reds
600301,Cincinnati Reds
519058,Cincinnati Reds
608360,Cincinnati Reds
656818,Cincinnati Reds
657709,Cincinnati Reds
608703,Cincinnati Reds
595375,Cincinnati Reds
665665,Cincinnati Reds
663574,Cincinnati Reds
621011,Cincinnati Reds
669222,Cincinnati Reds
608371,Cincinnati Reds
456781,Cincinnati Reds
676660,Cincinnati Reds
663886,Cincinnati Reds
519326,Cincinnati Reds
458015,Cincinnati Reds
605521,Cincinnati Reds
458677,Cincinnati Reds
624413,New York Mets
605135,New York Mets
663905,New York Mets
592192,New York Mets
471911,New York Mets
621242,New York Mets
500871,New York Mets
571710,New York Mets
641645,New York Mets
488984,New York Mets
542255,New York Mets
666137,New York Mets
596019,New York Mets
661255,New York Mets
607625,New York Mets
516782,New York Mets
543507,New York Mets
664850,New York Mets
543510,New York Mets
643446,New York Mets
658431,New York Mets
656731,New York Mets
571980,New York Mets
621512,New York Mets
607043,New York Mets
668665,New York Mets
493603,New York Mets
656849,New York Mets
663911,New York Mets
656887,New York Mets
570257,New York Mets
573131,New York Mets
453286,New York Mets
592741,New York Mets
622098,New York Mets
642086,New York Mets
663378,New York Mets
596129,New York Mets
592836,New York Mets
592866,New York Mets
594798,New York Mets
621237,Philadelphia Phillies
571446,Philadelphia Phillies
571479,Philadelphia Phillies
664761,Philadelphia Phillies
641401,Philadelphia Phillies
622666,Philadelphia Phillies
592206,Philadelphia Phillies
622554,Philadelphia Phillies
663975,Philadelphia Phillies
621107,Philadelphia Phillies
663559,Philadelphia Phillies
544727,Philadelphia Phillies
502043,Philadelphia Phillies
544369,Philadelphia Phillies
669742,Philadelphia Phillies
543272,Philadelphia Phillies
547180,Philadelphia Phillies
546318,Philadelphia Phillies
656555,Philadelphia Phillies
676103,Philadelphia Phillies
547184,Philadelphia Phillies
664068,Philadelphia Phillies
608349,Philadelphia Phillies
665155,Philadelphia Phillies
672839,Philadelphia Phillies
622168,Philadelphia Phillies
665922,Philadelphia Phillies
656793,Philadelphia Phillies
605400,Philadelphia Phillies
656803,Philadelphia Phillies
592663,Philadelphia Phillies
502085,Philadelphia Phillies
668941,Philadelphia Phillies
657745,Philadelphia Phillies
650911,Philadelphia Phillies
656941,Philadelphia Phillies
516416,Philadelphia Phillies
624641,Philadelphia Phillies
681082,Philadelphia Phillies
596117,Philadelphia Phillies
624133,Philadelphia Phillies
663837,Philadelphia Phillies
554430,Philadelphia Phillies
501625,San Francisco Giants
663698,San Francisco Giants
474832,San Francisco Giants
605154,San Francisco Giants
592200,San Francisco Giants
502171,San Francisco Giants
543063,San Francisco Giants
605204,San Francisco Giants
543101,San Francisco Giants
666808,San Francisco Giants
642731,San Francisco Giants
527038,San Francisco Giants
606424,San Francisco Giants
670768,San Francisco Giants
663546,San Francisco Giants
669369,San Francisco Giants
596001,San Francisco Giants
607249,San Francisco Giants
600303,San Francisco Giants
608678,San Francisco Giants
641793,San Francisco Giants
661440,San Francisco Giants
669674,San Francisco Giants
446334,San Francisco Giants
553988,San Francisco Giants
628708,San Francisco Giants
606213,San Francisco Giants
592626,San Francisco Giants
671218,San Francisco Giants
607074,San Francisco Giants
643511,San Francisco Giants
666619,San Francisco Giants
596103,San Francisco Giants
664789,San Francisco Giants
681584,San Francisco Giants
613564,San Francisco Giants
664774,San Francisco Giants
622268,San Francisco Giants
657277,San Francisco Giants
622072,San Francisco Giants
642851,San Francisco Giants
573262,San Francisco Giants
622065,San Francisco Giants
641312,Toronto Blue Jays
607455,Toronto Blue Jays
676886,Toronto Blue Jays
621244,Toronto Blue Jays
666182,Toronto Blue Jays
624415,Toronto Blue Jays
681962,Toronto Blue Jays
666721,Toronto Blue Jays
656305,Toronto Blue Jays
643256,Toronto Blue Jays
641470,Toronto Blue Jays
669289,Toronto Blue Jays
670102,Toronto Blue Jays
657424,Toronto Blue Jays
554340,Toronto Blue Jays
592332,Toronto Blue Jays
665489,Toronto Blue Jays
666971,Toronto Blue Jays
641672,Toronto Blue Jays
606192,Toronto Blue Jays
643376,Toronto Blue Jays
641741,Toronto Blue Jays
641743,Toronto Blue Jays
579328,Toronto Blue Jays
672386,Toronto Blue Jays
596271,Toronto Blue Jays
672640,Toronto Blue Jays
666201,Toronto Blue Jays
641835,Toronto Blue Jays
657240,Toronto Blue Jays
672515,Toronto Blue Jays
676840,Toronto Blue Jays
475479,Toronto Blue Jays
670950,Toronto Blue Jays
605447,Toronto Blue Jays
489265,Toronto Blue Jays
547943,Toronto Blue Jays
642048,Toronto Blue Jays
543807,Toronto Blue Jays
548389,Toronto Blue Jays
606132,Toronto Blue Jays
663423,Toronto Blue Jays
607755,Toronto Blue Jays
605548,Toronto Blue Jays
571448,St. Louis Cardinals
664056,St. Louis Cardinals
605156,St. Louis Cardinals
650893,St. Louis Cardinals
668843,St. Louis Cardinals
666185,St. Louis Cardinals
657557,St. Louis Cardinals
572816,St. Louis Cardinals
680977,St. Louis Cardinals
669242,St. Louis Cardinals
658551,St. Louis Cardinals
656427,St. Louis Cardinals
606149,St. Louis Cardinals
502671,St. Louis Cardinals
669357,St. Louis Cardinals
664854,St. Louis Cardinals
671056,St. Louis Cardinals
663855,St. Louis Cardinals
641712,St. Louis Cardinals
668800,St. Louis Cardinals
669461,St. Louis Cardinals
571927,St. Louis Cardinals
519008,St. Louis Cardinals
571945,St. Louis Cardinals
425877,St. Louis Cardinals
664942,St. Louis Cardinals
676050,St. Louis Cardinals
663457,St. Louis Cardinals
641933,St. Louis Cardinals
670912,St. Louis Cardinals
669467,St. Louis Cardinals
405395,St. Louis Cardinals
500779,St. Louis Cardinals
670298,St. Louis Cardinals
519222,St. Louis Cardinals
667373,St. Louis Cardinals
605486,St. Louis Cardinals
608717,St. Louis Cardinals
668868,St. Louis Cardinals
572403,St. Louis Cardinals
425794,St. Louis Cardinals
673904,St. Louis Cardinals
676831,St. Louis Cardinals
621295,St. Louis Cardinals
663765,St. Louis Cardinals
660766,St. Louis Cardinals
672356,Cleveland Guardians
666181,Cleveland Guardians
669456,Cleveland Guardians
656252,Cleveland Guardians
669743,Cleveland Guardians
621593,Cleveland Guardians
650644,Cleveland Guardians
661403,Cleveland Guardians
676391,Cleveland Guardians
660853,Cleveland Guardians
671289,Cleveland Guardians
665926,Cleveland Guardians
660757,Cleveland Guardians
543238,Cleveland Guardians
595978,Cleveland Guardians
656529,Cleveland Guardians
666134,Cleveland Guardians
675916,Cleveland Guardians
680757,Cleveland Guardians
681526,Cleveland Guardians
571912,Cleveland Guardians
668948,Cleveland Guardians
663474,Cleveland Guardians
640458,Cleveland Guardians
680911,Cleveland Guardians
669212,Cleveland Guardians
647304,Cleveland Guardians
680700,Cleveland Guardians
663455,Cleveland Guardians
668676,Cleveland Guardians
615698,Cleveland Guardians
608070,Cleveland Guardians
614177,Cleveland Guardians
642708,Cleveland Guardians
680704,Cleveland Guardians
543766,Cleveland Guardians
663986,Cleveland Guardians
664702,Cleveland Guardians
668684,Cleveland Guardians
624414,Boston Red Sox
598264,Boston Red Sox
678394,Boston Red Sox
593428,Boston Red Sox
598265,Boston Red Sox
518489,Boston Red Sox
614173,Boston Red Sox
676710,Boston Red Sox
666915,Boston Red Sox
641501,Boston Red Sox
656354,Boston Red Sox
664041,Boston Red Sox
646240,Boston Red Sox
669023,Boston Red Sox
680776,Boston Red Sox
543135,Boston Red Sox
593140,Boston Red Sox
650382,Boston Red Sox
571771,Boston Red Sox
448179,Boston Red Sox
656557,Boston Red Sox
502110,Boston Red Sox
624512,Boston Red Sox
672391,Boston Red Sox
502054,Boston Red Sox
601713,Boston Red Sox
608700,Boston Red Sox
608701,Boston Red Sox
570663,Boston Red Sox
519242,Boston Red Sox
570560,Boston Red Sox
617228,Boston Red Sox
670167,Boston Red Sox
657756,Boston Red Sox
543768,Boston Red Sox
596115,Boston Red Sox
621381,Boston Red Sox
570488,Boston Red Sox
657077,Boston Red Sox
608379,Boston Red Sox
676477,Boston Red Sox
670174,Boston Red Sox
657136,Boston Red Sox
453268,Colorado Rockies
656234,Colorado Rockies
621389,Colorado Rockies
453568,Colorado Rockies
656248,Colorado Rockies
592178,Colorado Rockies
468504,Colorado Rockies
517008,Colorado Rockies
543068,Colorado Rockies
602074,Colorado Rockies
553869,Colorado Rockies
608032,Colorado Rockies
663372,Colorado Rockies
607536,Colorado Rockies
656458,Colorado Rockies
596295,Colorado Rockies
623485,Colorado Rockies
545341,Colorado Rockies
641658,Colorado Rockies
656541,Colorado Rockies
578428,Colorado Rockies
656582,Colorado Rockies
641755,Colorado Rockies
641771,Colorado Rockies
664875,Colorado Rockies
608566,Colorado Rockies
641857,Colorado Rockies
660707,Colorado Rockies
624513,Colorado Rockies
663898,Colorado Rockies
622608,Colorado Rockies
661531,Colorado Rockies
642068,Colorado Rockies
663385,Colorado Rockies
596112,Colorado Rockies
676701,Colorado Rockies
570632,Colorado Rockies
605130,Kansas City Royals
680118,Kansas City Royals
671790,Kansas City Royals
641394,Kansas City Royals
663460,Kansas City Royals
664199,Kansas City Royals
669395,Kansas City Royals
621016,Kansas City Royals
641531,Kansas City Royals
681987,Kansas City Royals
666023,Kansas City Royals
595956,Kansas City Royals
672580,Kansas City Royals
607237,Kansas City Royals
425844,Kansas City Royals
656492,Kansas City Royals
669169,Kansas City Royals
672578,Kansas City Royals
676551,Kansas City Royals
664728,Kansas City Royals
641745,Kansas City Royals
663804,Kansas City Royals
670032,Kansas City Royals
663738,Kansas City Royals
686681,Kansas City Royals
669004,Kansas City Royals
596043,Kansas City Royals
593160,Kansas City Royals
670090,Kansas City Royals
609275,Kansas City Royals
656811,Kansas City Royals
658668,Kansas City Royals
686469,Kansas City Royals
606303,Kansas City Royals
521692,Kansas City Royals
668472,Kansas City Royals
665861,Kansas City Royals
663903,Kansas City Royals
676092,Kansas City Royals
642100,Kansas City Royals
622251,Kansas City Royals
572191,Kansas City Royals
527055,Kansas City Royals
596133,Kansas City Royals
677951,Kansas City Royals
672582,Kansas City Royals
657514,Seattle Mariners
621366,Seattle Mariners
666374,Seattle Mariners
650895,Seattle Mariners
622491,Seattle Mariners
641487,Seattle Mariners
606273,Seattle Mariners
656403,Seattle Mariners
670036,Seattle Mariners
623167,Seattle Mariners
664034,Seattle Mariners
624428,Seattle Mariners
669302,Seattle Mariners
571704,Seattle Mariners
594835,Seattle Mariners
664059,Seattle Mariners
571745,Seattle Mariners
608671,Seattle Mariners
672284,Seattle Mariners
669923,Seattle Mariners
595284,Seattle Mariners
571863,Seattle Mariners
677223,Seattle Mariners
641786,Seattle Mariners
543548,Seattle Mariners
664948,Seattle Mariners
664238,Seattle Mariners
662253,Seattle Mariners
682171,Seattle Mariners
608596,Seattle Mariners
676617,Seattle Mariners
656821,Seattle Mariners
663728,Seattle Mariners
592662,Seattle Mariners
677594,Seattle Mariners
467793,Seattle Mariners
623149,Seattle Mariners
656954,Seattle Mariners
519306,Seattle Mariners
608716,Seattle Mariners
553993,Seattle Mariners
657024,Seattle Mariners
647351,Seattle Mariners
620443,Seattle Mariners
666211,Seattle Mariners
457708,Seattle Mariners
657129,Seattle Mariners
608385,Seattle Mariners
664849,Seattle Mariners
623520,Chicago Cubs
643230,Chicago Cubs
665645,Chicago Cubs
575929,Chicago Cubs
643271,Chicago Cubs
659262,Chicago Cubs
640449,Chicago Cubs
543228,Chicago Cubs
607229,Chicago Cubs
664023,Chicago Cubs
543294,Chicago Cubs
641684,Chicago Cubs
518792,Chicago Cubs
664731,Chicago Cubs
663538,Chicago Cubs
676714,Chicago Cubs
668873,Chicago Cubs
643410,Chicago Cubs
663611,Chicago Cubs
656716,Chicago Cubs
669214,Chicago Cubs
489119,Chicago Cubs
621219,Chicago Cubs
666624,Chicago Cubs
656794,Chicago Cubs
596057,Chicago Cubs
542364,Chicago Cubs
663845,Chicago Cubs
681799,Chicago Cubs
621074,Chicago Cubs
592716,Chicago Cubs
643524,Chicago Cubs
592743,Chicago Cubs
592767,Chicago Cubs
657766,Chicago Cubs
657006,Chicago Cubs
573186,Chicago Cubs
673548,Chicago Cubs
664161,Chicago Cubs
624522,Chicago Cubs
657272,Chicago Cubs
676369,Chicago Cubs
592858,Chicago Cubs
621550,Chicago Cubs
